,video_id,comment,spam
0,aLZ85hb4wjE,Loved calmness Manilla.,0
1,aLZ85hb4wjE,"After pandemic I think every country lockdown every month give mother nature time heal, pollution earth experiencing.",0
2,aLZ85hb4wjE,manila looks beautifull less people,0
3,aLZ85hb4wjE,"The lockdown makes city look like place I want explore. Before lockdown, looked like crowded mess filled traffic pollution.",0
5,aLZ85hb4wjE,The president promised he'll best ease traffic metro like 5mins travel along EDSA. Fortunately happened unfortunately ideal way. Nature's sense humor tho.,0
6,aLZ85hb4wjE,"I went viewing spot antipolo, beautiful, almost smog free view metro skyline",0
7,aLZ85hb4wjE,The sad part people around world intend heal earth afraid death.,0
8,aLZ85hb4wjE,hope stays like forever beautiful messy people,0
13,3YFpjgIQqEo,Has Bahrain diseases time old painful came winter,0
15,3YFpjgIQqEo,It difficult cure 2_3wks.This Nueva Ecija.,0
17,3YFpjgIQqEo,It's joke say cold cold brother symptom two hospitals carry covid outdoors hard breathe,0
19,3YFpjgIQqEo,There many feverish fever Philippines China.,0
21,3YFpjgIQqEo,DOH power report height cases .. But backlogs covid allowances frontliners teach teach !!!!!,0
22,dIsaz_XlmTw,wow ! GOOD NEWS ! glad safe near zero cases covid ! ü§ó,0
25,dIsaz_XlmTw,Is covid BS 1 variant still coming,0
28,dIsaz_XlmTw,Are back hit tooth ache covid right away? Or death due vehicular accident covid report?,0
30,dIsaz_XlmTw,"200k excess death sa üíâüíâüíâüíâ, explain nyo pls lang.",0
32,DWxIvQlpJK8,use po?,0
34,DWxIvQlpJK8,No comments odd,0
35,DWxIvQlpJK8,SANA MAY PART 2 NA LOCKDOWN THIS 2024,0
37,DWxIvQlpJK8,Let us remember reason high numbers COVID AT ALL guy afraid hurting China's feelings imposing travel ban them.,0
38,DWxIvQlpJK8,"Sweet un lock down, Daddy's voice sweet people looking forward lockdown. It means, everyone, Dad Digong's decision, really salute FPRRD pressed pandemic.",0
44,nTUWK8vufOk,nothing heartbreaking children forced grow time...,0
46,nTUWK8vufOk,"I Philippines mission trip Covid hit. After I home US family, worry I felt kids I'd met overwhelming. May God bless Filipino peopleüíô",0
48,nTUWK8vufOk,"The problem Philippines many less privileged, challenged people. The government officials local government unit corrupt don‚Äôt assigned jobs properly(not saying maybe them). The less privileged people teens makes babies say accidental baby ‚Äúblessing‚Äù. It blessing planned couple/parents ready family. That many people suffering poverty many people plan making family. Then blame everything government people better want pull others down. #crabmentality ü¶Ä I feel sorry challenged people people make problems. Didn‚Äôt comment debate. Just giving opinion ‚úåüèª",0
49,nTUWK8vufOk,I'm curiosity include many errors/incomplete modules given students online study. It's like never even went proofreading released. Even senate wants investigation matter. How internationally competitive students materials provided many errors.,0
50,nTUWK8vufOk,Ah bless jonathan determined niece philippines parents send private school provided everything finish school spoilt brat. I wish jonathan finish degree someday deserve help,0
52,cPVE7QGS7As,"Just neighbour Filipina increase covid test testing mean worst South East Asia. For I admire try save people best honest figure too. Better countries huge problem covid, denying problem. Sending thought prayer Filipina people..from Malaysia. Keep fighting spirit alive. May god protect all.",0
55,cPVE7QGS7As,We Philippines. Stay strong resilient!!! Until meet again.,0
56,cPVE7QGS7As,I hope Filipino people safe overcome happening. South Korea.,0
58,cPVE7QGS7As,Deaths low compared countries. The economy countries reeling effects pandemic. We live survive build again! We resilient patient people 4 months year visited calamities. We faith! We pray end soon I pray everybody around world lost family crisis.,0
59,cPVE7QGS7As,Every country facing problems,0
60,cPVE7QGS7As,We reaching 50k test per day that's cases becomes high. What's important fatality low high recoveries.,0
62,CEIrzjA8euQ,"No health protocol thats why,its leadership example",0
63,lw16DeB6zns,"To people asking discussion South Africa, please back 2:29. The reporter CLEARLY says ""We EXPAND discussion..."" Meaning topic also discussed using countries' experiences. Philippines main feature example. It's NOT clickbait. And there's nothing wrong editing. Hope helped :)",0
64,lw16DeB6zns,Great insightful report reporter.,0
66,lw16DeB6zns,Complete Lockdown solution. Government must try smart lockdown allow people earning daily bases. May Allah bless people Ameen,0
67,lw16DeB6zns,Philippines South Africa?,0
68,lw16DeB6zns,"They switched want put philippines title know get views title word ""philippines""",0
69,lw16DeB6zns,kinda cute read angry Pinoy comments,0
70,lw16DeB6zns,Huh South Africa? This regarding Philippines..the interview irrelevant,0
74,8dTelszbObM,There's always one person hides sickness risk whole world.,0
75,8dTelszbObM,This sounds serious. Hope get control.,0
76,8dTelszbObM,I hope Outbreak come end! Be safe Everyone!,0
77,8dTelszbObM,"0:07 - 20,438 confirmed cases. How long ago film this?",0
78,8dTelszbObM,"My wife mainland China. Her friends mainland China. We live California. My wife friends stand away places regularly go gave large numbers Chinese. Classes evenings weekends mostly Chinese students less people showing up. Masks sold everywhere. Groups WeChat coordinating mask purchases whatever places find online, even expensive. I‚Äôm concerned respecting wishes, I don‚Äôt want cause extra stress. The fear real. You may think unjustified it‚Äôs people aren‚Äôt Asian keeping distance. Sure, people idiots, especially making comments around Asian people buy calling people racist xenophobic doesn‚Äôt help. Do think right family. Don‚Äôt let people shame protecting yourself. At point I expect someone say something daughter mixed looks Chinese I‚Äôve told people scared people scared sometimes say mean things. It‚Äôs hasn‚Äôt heard Chinese people say racist things cultures. I make sure knows racism exists isn‚Äôt acceptable. To date gets far abuse Chinese Chinese isn‚Äôt good others. She bullied people South America past. To date, never told bullied westerners, gets occasional mean comment young girls seem make other. Racists mean people come races religions. I‚Äôve heard local Chinese community things like Mexicans stupid, black people scary, various things Japanese let‚Äôs pretend many complaining racism may also racist, although may see way.",0
79,8dTelszbObM,This like 3 days ago lol,0
80,8dTelszbObM,"The quarantine start Jan 23rd. The doctor recently died age *34,* reported cases going back December. This probably worse media reporting.",0
81,8dTelszbObM,"You can't blame people cautious. Especially there's vaccine, cure, etc. Only thing helps separation. It's nothing personal.",0
82,8dTelszbObM,"one love guys, lets help one another one blame",0
83,Mxf8uGFcqSE,Here go again. Oh well . . . üò∑,0
87,MQ5aYS4YFlQ,"The poor gets poorer rich gets richer, that's country works... Even farmers paid fairly...",0
88,MQ5aYS4YFlQ,"I became Housemaid age 13, I go high school night. My parents 9 children. I‚Äôve experienced nothing poverty childhood. It harder us, older children. I wondered, even 4 years old, children considered ‚Äúblessings‚Äù, SUFFERING. There Pandemic days, POVERTY crippling us.",0
89,MQ5aYS4YFlQ,I born raised Cebu Philippines one slums. I lived Florida 15 yrs I grateful able help family tough times. I bought mom duplex country 2016 She longer living slums. It still feels like yesterday pawn Our clothes buy food. I never forget I came always grateful blessings come way üôè,0
91,MQ5aYS4YFlQ,"Even without pandemic.. many Filipinos starving, unemployed. They also said ""Hindi kami natakot mamatay sa COVID, takot kami na mamatay sa gutom"" ""Walang nakakagmot sa gutom, patay ka."" I think that's painful statements heard video. Many filipinos experienced hunger amid lockdown. In fact, hunger incidence rate highest 6 years according social weather station. I say Filipinos easily give situation still helping good bad times.",0
92,MQ5aYS4YFlQ,"Even without pandemic.. many Filipinos starving, unemployed",0
93,MQ5aYS4YFlQ,"I work 12 13 hours day minimum. Sometimes I feel like complaining watching this, somehow I feel grateful kept job able take care family.",0
98,iOE6rAY8l-k,Beautiful country much resources. The people? Not much,0
100,iOE6rAY8l-k,"Why use schools temporary covit 19 facilities, students classes.",0
101,iOE6rAY8l-k,"When people bored looking sources income, can't simply stay home 5 long months waiting. Some take disease seriously anymore ECQ lifted....not properly wearing masks observe physical distancing law enforcers around. What expect?",0
103,iOE6rAY8l-k,It's THE Philippines.,0
107,_a-rQYfsCck,Here go again! üëΩ‚úåÔ∏è,0
110,_a-rQYfsCck,Potek gcq ecq manila international airport whole Philippines locked,0
111,_a-rQYfsCck,neknek nyo haha üòÇ,0
117,jEINZXA_ujo,It's 7100 islands many cases smart move,0
118,jEINZXA_ujo,The Phillipines seem ball US. Good ya. Keep good luck.:-),0
120,jEINZXA_ujo,"He using brain , ones don,t fade away !",0
125,jEINZXA_ujo,"philippines houses close other, The virus spread ease, good thing president duterte declared lockdown earlier, would've infected that.",0
127,587N9bJ5J5k,philippines still managed NOT like india indonesia despite densed population world.. hoping get worse time üôèüèΩ,0
128,587N9bJ5J5k,God bless,0
130,587N9bJ5J5k,This build back better.,0
131,587N9bJ5J5k,God blessed,0
132,587N9bJ5J5k,Public hospitals Philippines risky best. Full caring staff but...,0
135,587N9bJ5J5k,"I üôÖ pray ,,,,thanks much al Jazeera English",0
137,E5F3xA_zkFc,Very sad disturbing. My prayers people hungry unemployed.,0
138,E5F3xA_zkFc,What's sad people still vote corrupt officials.,0
139,E5F3xA_zkFc,Very good documentary.,0
140,E5F3xA_zkFc,"Perfect docu , can't believe happening now, feels like happened 20 yrs ago",0
141,E5F3xA_zkFc,This ridiculous! The country needs open survive.,0
142,E5F3xA_zkFc,"As Melbournian Australia, I complain this.",0
143,E5F3xA_zkFc,"""Those starting get hungry wait....""",0
144,E5F3xA_zkFc,"Thank god live defiant nation, state ordered businesses close down, people collectively showed middle finger.",0
145,E5F3xA_zkFc,I can't fathom rich received kind aid. Corruption sky high Philippines. May God right wrong.,0
146,05JLyd58R-w,Here go again.üò∑üò∑üò∑,0
147,05JLyd58R-w,Bring back masks,0
149,2fRQ8OsqOLs,Nothing DOH lacking budget corrupt coming extra budget dw need ... case case doh forgotten Philippines.,0
153,2fRQ8OsqOLs,"That woman DOHELL Vidco lost us, one whodas joints means benefiting.",0
158,E56W-5xVOss,"Remember I told: Be strong brave. Do afraid despair I Yahweh, God, wherever go. ‚Äù Joshua 1: 9 MBB05",0
159,E56W-5xVOss,God best shield Filipinos ... God bless us ... let's stand ... hope Lord one created satin .... also gave beauty world .. . If dirt clean keep world clean ..,0
160,E56W-5xVOss,Seriously I expect seriously Covid 19üò≠ let us pray health us ...,0
161,E56W-5xVOss,One day disappear! Everything end! God Almighty .,0
163,E56W-5xVOss,Just pray know right knowledge.,0
166,E56W-5xVOss,Let's always pray God bless,0
168,c1oU8U05puY,"We afraid covid vaccine, many blood clots, hospitalized due vaccine.",0
169,c1oU8U05puY,You answer different,0
171,c1oU8U05puY,Ask ko lang po timely pa ba na magpa flu vaccine time year di po ba ideally yung flu shot makuha onset rainy season?,0
174,c1oU8U05puY,I say roll vaccines unlimited napo yan till equal,0
175,c1oU8U05puY,Why 10 plagues given Health Center Barangay,0
176,c1oU8U05puY,No sounds?,0
180,SEHcakm-fAc,May God bless üôè,0
181,SEHcakm-fAc,"In words, we've lost game we're almost complete back zero.",0
182,SEHcakm-fAc,Is timely?,0
185,SEHcakm-fAc,Nice know covid situation phil.,0
188,1psSvU1km0I,"As foreigner lived Ph 4 years, I observe that: Wealth gap big problem Philippines; Many Filipinos low income price everything high.",0
191,1psSvU1km0I,I'm Phillipines neighbouring country. Seeing many Filipinos living poverty makes sad. Many Filipinos come country get better life sadly government cannot anything since taking care people. I hope Phillipines poverty rate may drop,0
192,1psSvU1km0I,"filipinos like laugh china, look whos poorer, world need people insult others nationalistic ideas.",0
193,1psSvU1km0I,"As Filipino myself. One weakest spots countrymen guilible, easily manipulated exploited due lack education. Poverty driving force corruptions control poor providing aid malicious intent. Disinformation tru social media led many people electing skewed incompetent politicians. As result, cascaded substandard solutions short term provisions aggravated poor even more. EDUCATION lengthy investment I believe put end never ending cycle ignorance people exploited it.",0
194,1psSvU1km0I,Praying Philippines overcome many problem become country rich poor someday.,0
195,1psSvU1km0I,The Philippines lot potential right decisions made.,0
196,1psSvU1km0I,hard find jobs PH... I'm Bachelor's degree holder different skill experience many aspects still hire relatives friends company even fully qualified instead one qualified...,0
197,1psSvU1km0I,India 10x times large worse Phillipines,0
198,PP3Yu-ro1tA,"Death rate much lower. Vaccinated cases mild. No need raise Alert Level restrict businesses. Govt pay nurses subsidize Covid beds, cancel military procurement operations concentrating healthcare vaccination.",0
199,PP3Yu-ro1tA,"It doesnt say variant pero karamihan dyan malamang omnicron mild lang naman. Dont despair dont spread panic, keep healthy lang.",0
200,PP3Yu-ro1tA,The 5 trillion budget Season 3. Magic magic testing haha,0
204,PP3Yu-ro1tA,Nothing worry figure long case death happen vaccinated individuals. I wondering government alarmed development covid cases! Would suggest another kind vaccine expense government money politicians profit oriented individuals could amass wealth?,0
206,PP3Yu-ro1tA,Declare alert level 4 gets worst. This omicron variant exceeded delta variant spreading like wildfire. Limit people movement declare lock downs places incidence high. Learn happened make drastic decisive actions spreads,0
207,PP3Yu-ro1tA,Its real numbers country declare exact number cases .,0
210,NQeI1CRCqeo,Yes. Interest self-interest.,0
212,NQeI1CRCqeo,You ride again.,0
215,NQeI1CRCqeo,Enough already. Stop listening WHO.,0
219,RhDHGgo4yZg,This sad heartbreaking ü•∫üò¢üòî,0
220,RhDHGgo4yZg,This sad think I always say I'm starving I provided much food. I feel ashamed,0
221,RhDHGgo4yZg,"It's amazing money literally prevented people fed. In old days, everyone tribe would work feed everyone. Raising animals, growing crops managing resources responsibly. I think fact non-profit organizations volunteers proves innate desire collaborate like ancient times.",0
222,RhDHGgo4yZg,God bless Philippines üáµüá≠üáµüá≠üáµüá≠,0
226,RhDHGgo4yZg,"The Catholic Church also help poor since Catholic Church one biggest stock holders investors Philippine banking industry, food beverage industry, mining industry, among others. They owned big expensive hospitals, schools universities Philippines. Catholic Church trillionaire.",0
229,sdsz-t540WI,Be grateful better life. Sometimes life needs seen always grateful,0
232,sdsz-t540WI,Module brought ü§ßü§¶,0
233,sdsz-t540WI,"God hope times like these! I pray y'all need, sick, disabled, y'all lost loved ones, may lord saviour meet y'all point needüôè.",0
236,sdsz-t540WI,I‚Äôm curious going Philippine peso strong dollar compared pandemic. I would assume patient would lose value based devastation economy. And yes USA lost value well I agree I‚Äôm curious working,0
237,sdsz-t540WI,"All world millions unemployed US 30M now,Philippines strong support abroad internal factors country stay strong determined withstand test time.",0
238,7SKGXkZKjV8,ALLAH BLESS PHILIPPINES üáµüá≠‚ô•,0
239,7SKGXkZKjV8,I finished high school 1978 The whole world lot different I feel sorry kids,0
241,7SKGXkZKjV8,Takin away personalisty.....,0
243,7SKGXkZKjV8,Terrible......,0
245,7SKGXkZKjV8,I hear school kinder im grade 4,0
246,7SKGXkZKjV8,Lol. That's insane.,0
247,7SKGXkZKjV8,Poor children.,0
248,oy0wHScCPds,Ahh things bad,0
250,oy0wHScCPds,What passengers flew back Philippines with? They could exposed. Are checked?,0
253,oy0wHScCPds,"Thanks, China. China CoronaVirus helped solved shopaholic tendencies. I avoid anything made China maybe end year. I stopped going favorite Chinese restaurants. I allergic order online even Amazon due possible contamination. Thus, China CoronaVirus effective save money.üíï",0
256,oy0wHScCPds,But last,0
257,oy0wHScCPds,1 year later recommendations,0
258,o1kPskxFkQ8,I hope Filipinos dealing epidemic I wish good luck stay safe safe God bless,0
259,o1kPskxFkQ8,"Never regret, responsible other. We like it. There people irresponsible mask public places road. And sure virus source mask. And appointed guardians catch up. Inside villages neglected. Just leave house catch unscrupulous mask. Case done. So stricto implement main roads inside village neglected, government efforts useless. Many really stubborn.",0
260,o1kPskxFkQ8,"They say, health wealth. But it'll become wealth proper self discipline? Come think it, implemented two-week ECQ mega manila, yes big help prevent wide spread virus, while. But then, ECQ, kanya-kanya na naman tayong labas ng bahay worst may gumagala pa, even though hindi naman reasonable valid yung dahilan natin. And comes us criticizing government issue, clearly evident also faults lapses. Also, government always need hear voices frontliners, especially medical professionals staffs, they're ones know prevent avoid wide spread virus. Just clear, I'm neutral issue I want express opinion. Respect matters. This educational purpose only, really nature talks anything politics. P.s. want advice something, I open it. Have nice day! üôÇ",0
261,o1kPskxFkQ8,How covid19 patients counted hospitals unwilling accept suspected patients covid? As mother I experienced toured entire Gen. Trias get Manila Hospital also admitted without even passing swab test.,0
262,o1kPskxFkQ8,I think thumbnail incorrect based wants imply. Just saying.,0
264,o1kPskxFkQ8,"I may say people biased reasoning. While government officials experts pandemic, best. Maybe all, most. Well, maybe most, maybe them. Regardless. They may cover every facet strategic planning people also understand also primarily measure person's discipline. Everyone given mind think right choose what's best ourselves. Why blame government people best protect themselves? Government officials humans, too. They make mistakes, get hurt, too. They get sick, get scared, too! They perfect, well we. Instead blaming government, something help comes decisions making? We start reaching out. They channels such. Why help government helping others, too? At end day, help instead pulling others shooting flaws imperfections. Because believe not, everything gets better work together. So plan start? When plan contribute good fellowmen?",0
266,o1kPskxFkQ8,God bless president Duterte.,0
268,aoNQUUQno00,"It's funny part still believes wary COVID times hence still exists, part also doubting numbers. I friend trying get doctor's certificate back work 1 day absence due fever sore throat got hot weather imagine marked COVID patient insurance company? We laughing know well get COVID üòÇü§£",0
270,aoNQUUQno00,How many deaths? Maybe time let natural immunity take course.,0
274,aoNQUUQno00,"what? It looks like regular fever asthma nowadays, herd immunity granted granted hitch, like 1st wave extremely dangerous",0
275,aoNQUUQno00,"Pinoy really good ""üß¢"" üòÇ",0
277,aoNQUUQno00,Letche bat like,0
280,liEUC1_l8e8,I really feel bad people live there. Honestly rather serious not.... You make threats like that.,0
281,liEUC1_l8e8,I can't believe human brain see coming start.,0
282,liEUC1_l8e8,Too much lockdown made guy double craziness,0
283,liEUC1_l8e8,He's one needs go jail,0
284,liEUC1_l8e8,This total violation geneva convention. This man arrested.,0
285,liEUC1_l8e8,People right choice body. If force people rise you.,0
286,liEUC1_l8e8,They can‚Äôt force per UN agreements I‚Äôm pretty sure Duerte threaten people much wants . I can‚Äôt see ever coming back president Filipines term,0
288,-b0EuuMvvy8,Based purified isolate?,0
294,-b0EuuMvvy8,"You report many people actually go doctor sick, probably 1%",0
296,-b0EuuMvvy8,Updated really pinas hahaha,0
297,-b0EuuMvvy8,Why detect anymore? Why Philippines? Does Philippines mean higher tech?,0
300,MmyIvf7bEGc,Gadon best position qualified He knows best Covid,0
303,MmyIvf7bEGc,Let's thank people involvement Covid-19 Pandemic Golden Star! Rochelle Walenksy- CDC Director üåü Anne Schuchat- CDC Deputy Director üåü Sherri Berger- CDC Chief Staff üåü Albert Bourla- Pfizer CEO üåü Tal Zaks- Moderna Chief Scientist üåü Mikael Dolstein- Pfizer Chief Scientist üåü,0
304,MmyIvf7bEGc,That pisting increased election done everyday election covid,0
306,MmyIvf7bEGc,Red cup facemask n red shirt n red n white ksmang blue Blue pants shoes n blue Crimebuster po red vacsin po,0
307,MmyIvf7bEGc,Red cup facemask n red shirt n red n white ksmang blue Blue pants shoes n blue Crimebuster po Pres Digong red vacsin po,0
308,Fd3HcncV6Zk,Condolence people Philippines Somalia. Filipino's good people generous well.,0
309,Fd3HcncV6Zk,"Hope government learns appreciate nurses raise pay, Filipino Nurse's one best world!",0
310,Fd3HcncV6Zk,Be strong brothers. Maphilindo survive pandemic! üáÆüá©üáµüá≠üá≤üáæ,0
313,Fd3HcncV6Zk,"The covid surge Philippines happening National Capital Region, entire country.",0
315,Fd3HcncV6Zk,"Poor souls, forced use vizor mouth diaper. üò¢",0
317,Fd3HcncV6Zk,Well least Dutarte treated health problem & decide Health Problem drug abuse Cure anyone involved Bullet & Magic one plain old Bullet still Die though & helped drug problem pushed underground & made dealers etc prone carry weapons?,0
318,-n9Ks3VTub4,I pray disappear soon possible,0
319,-n9Ks3VTub4,"I got $320 social amelioration program government 6x food packs local government Plus Cash. In Makati local government give 5000 pesos every individual 18 years old, 5 adults one family received total 25,000 pesos plus Food Pack plus National Government Social Amelioration Program. In area ECQ continue provide AID government. Then AID support coming citizen",0
321,-n9Ks3VTub4,"I got $320 social amelioration program government 6x food packs local government Plus Cash. In Makati local government give 5000 pesos every individual 18 years old, 5 adults one family received total 25,000 pesos plus Food Pack plus National Government Social Amelioration Program. In area ECQ continue provide AID government. Then AID support coming citizen",0
322,LzymJ2xZhho,changing notes medical bulletins regarding COVID -19 disease together conclude right solutions situations ... thanks keep safe good morning ...,0
324,LzymJ2xZhho,coming science covid lesson,0
327,LzymJ2xZhho,"Nice meet ~ Everyone! 100% absolutely powerful, praying God, Philippines Japan! Safe Sound! NO WORRIES (^^) v President's company ~ Be careful body worked hard teacher old teacher -everyone!",0
328,LzymJ2xZhho,"I talked someone Navotas City receiving food aid kind yet. subject many without month lock down?Really mayors central government going allow happen?You cannot lock city place expect without food medical aid.That insane happened country, would riots.Regardless situation,are going allow people starve get malnourished?",0
331,LzymJ2xZhho,So finished self quarantine???,0
332,-qFcO_onBdA,"Here Armenia signs improvement number coronavirus cases increasing fast. And neighboring countries situation even worth. Looks scary. But still much better EU countries. Why everyone starts move now? It much easier prevent pandemic early 2020 appearing, time WHO saw major risks spreading world mainstream media focused showing news China.",0
335,-qFcO_onBdA,Wrong report.,0
336,-qFcO_onBdA,She said 15 million,0
337,-qFcO_onBdA,Oh kid,0
338,-qFcO_onBdA,Manila doesnt 50million even 15m thats way much. 50million people number population whole Luzon island. Before community quarantine people dispersed home villages. Population Manila right might 5m - 10m.,0
339,-qFcO_onBdA,Newscasters took turns wear red yellow,0
340,-qFcO_onBdA,phil fact research report right away!,0
341,-qFcO_onBdA,cna love bad/ negative news philippines,0
343,fp9uRsmTWqg,Unemployment rate never 20% Philippines. Many Filipinos employed temp jobs many Filipinos flee Philippines work OFW's. The best brightest leave Philippines due hopeless corrupt government.,0
345,fp9uRsmTWqg,That rate muchhhhhh higher. Its getting worse,0
346,fp9uRsmTWqg,We reduce population 113 million around 40 50 million,0
347,fp9uRsmTWqg,Filipino everywhere world [before c19],0
348,fp9uRsmTWqg,I know old news I've always thought cool matter age never surprised hear someone Philippines speaking amazing English.,0
349,fp9uRsmTWqg,Philippines almost every country earth unemployment problem,0
350,fp9uRsmTWqg,"And vaccination rate Philippines still low, reopen country. feel bad people",0
351,fp9uRsmTWqg,that's I'm resigning current Job despite wages low difficult Find one.,0
352,3ZXR2eARmuQ,"Filipinos gone lot overcome too, All best Philippines",0
353,3ZXR2eARmuQ,"""Health wealth"" That's main priority Philippine Government right now..Good job Philippines,üáµüá≠üáµüá≠üòä",0
354,3ZXR2eARmuQ,Its okay Close Stock Market/Businesses sacrifice Life People.... God Bless Philippines President üôè better safe,0
356,3ZXR2eARmuQ,We understood situation actually I'm proud government so. The welfare safety every Filipinos important anything else‚ù§üáµüá≠,0
358,3ZXR2eARmuQ,Now Philippines challenge ‚ÄúWho best town Mayor Challenge‚Äù.,0
359,3ZXR2eARmuQ,"This shows govt Philippines genuine care people's welfare, unlike countries prioritizes economy welfare citizen. The best move country knows position self certain calamity like this.",0
364,57wz3HuIVLA,Stay strong Manila. Prayers India,0
365,57wz3HuIVLA,"Considering population Philippines, think safer nation hit covid. And people help other.",0
366,57wz3HuIVLA,God Bless Philippines people! Stay strong kabayan.üëç,0
367,57wz3HuIVLA,"pray philipines, love cousin indonesia",0
368,57wz3HuIVLA,Pray poor people..in philllpines ‚ù§Ô∏è break.. hope get ok..soon..prey Sri Lanka even here's situationüá±üá∞üò∑üáµüá≠üáµüá≠,0
369,57wz3HuIVLA,Philippines üáµüá≠ love you! Stay strong üí™ always got hearts prayers üôè ingat,0
370,57wz3HuIVLA,"JC PhP4000 USD80. And I think vaccine rollout quite efficient comparing countries. 12M people already vaccinated, like jabbing small country.",0
371,57wz3HuIVLA,It could better also interviewed someone side story. What journalist said true picture painting reflective general situation Philippines whole.,0
372,lbK7UjoLr8o,They heroes .... deserve,0
374,xV1oR-RbOGU,How covid19 patients counted hospitals unwilling accept suspected patients covid? As mother I experienced toured entire Gen. Trias get Manila Hospital also admitted without even passing swab test.,0
375,xV1oR-RbOGU,"The Philipphines locked strictly quite time, right? That's respectable impressive country still relatively poor. Must tough. Respect pulling through.",0
376,xV1oR-RbOGU,Be strong Philippines,0
377,xV1oR-RbOGU,I feel super safe philippines comes whole pandemic situation.. The philippine handled pandemic better th countries. We atleast follow required mandated government.,0
378,xV1oR-RbOGU,I don‚Äôt buy ‚Äúno budget ‚Äú idea. It‚Äôs availability priority countries. We poor,0
379,xV1oR-RbOGU,"The Philippine government wise enough depend much China COVID vaccines country good reputation clinical trials. Even Brazil stopped clinical trials CoronaVac produced SinoVac Biotech people due various serious side effects. It would better country talking American, Australian, European Pharmaceutical companies (e.g. Pfizer, BioNtech, Moderna, Astra-Zeneca) follow strict regimen clinical trials emphasis safety effectiveness COVID vaccines.",0
380,xV1oR-RbOGU,"Philippine government strategy giving second dose vaccine isn‚Äôt wise decision! In countries like Europe USA giving second dose vaccine even front liners vulnerable certain period time gap 3-4 months priorities least majority people chance first job protected, waiting volume vaccine arrival! Meanwhile countries Europe grapple infectious variants, shortages vaccine globally risk dying road pandemic! The important thing outweighs risk...",0
382,xV1oR-RbOGU,"The leaders Phillippines consider efficacy following vaccines roll public: Pfizer-BioNTech 95%, AstraZeneca 90%, Moderna 89%, Sinopharm 79%, Sinovac 50.38%. The promotion type vaccines based effectiveness safety Filipino people, instead political considerations preferences. Just suggestion.",0
386,kn6DKdInYXk,CNA's correspondent Philippines Cherry Regalado got worst CNA corresondent. Seriously. CNA replace her.,0
388,kn6DKdInYXk,god bless asean country,0
389,kn6DKdInYXk,God bless philippines ASEAN,0
390,kn6DKdInYXk,What answer english grade 10 onlyyy,0
391,kn6DKdInYXk,What hell lady saying,0
392,kn6DKdInYXk,"The effect enhanced community quaratine seen mid april may, still early make conclusion. The situation already bad. Family rumored infected discriminated society, tons problems issue relief goods, people afraid know die even get tested, healthworkers risk getting sick, urban places might drop supply rural places supply yet balancing pose risk spread infection. As number infected case rises people die better extend ecq may. People cant afford getting infected even rich thats new mindset. Why make news regarding countries panic buying ventilators.",0
393,kn6DKdInYXk,This CNN correspondent worst I‚Äôve ever seen. Her English nauseating!!,0
394,2T3yZ6lNRDg,"Hayat vax made United Arab Emirates... This exactly identical China Sinopharm vaccine... Both using old traditional style making vaccine( inactivated virus)... If done research, using METHOD making vaccine, far SAFEST Vac. Compared involving generically engineered.",0
396,2T3yZ6lNRDg,I dont understand line work sitting‚Ä¶ someone move switch chair??? Are chair sanitize?,0
399,2T3yZ6lNRDg,So Sinopharm using another label.,0
400,2T3yZ6lNRDg,"Exactly Canada, gymnasium.",0
401,2T3yZ6lNRDg,0:23,0
402,2T3yZ6lNRDg,The people wants Ivermectin !!!,0
403,2T3yZ6lNRDg,People Faith THE MOST HIGH YAH! need vaccine,0
404,HLYSlKY6Ww4,brought tears... lesson next week I happy I found video use class. salute dear people frontline,0
406,HLYSlKY6Ww4,"Your diligence perseverance would always come great success, sending biggest love support front liners. You're heroes honored remarks taking care everyone.",0
410,HLYSlKY6Ww4,To front liners thank may God bless alwaysüôè,0
412,HLYSlKY6Ww4,Salute frontliners risking lives fulfill duty serve people. Respect prayers frontliners üíó,0
416,kn6DKdInYXk,CNA's correspondent Philippines Cherry Regalado got worst CNA corresondent. Seriously. CNA replace her.,0
418,kn6DKdInYXk,god bless asean country,0
419,kn6DKdInYXk,God bless philippines ASEAN,0
420,kn6DKdInYXk,What answer english grade 10 onlyyy,0
421,kn6DKdInYXk,What hell lady saying,0
422,kn6DKdInYXk,"The effect enhanced community quaratine seen mid april may, still early make conclusion. The situation already bad. Family rumored infected discriminated society, tons problems issue relief goods, people afraid know die even get tested, healthworkers risk getting sick, urban places might drop supply rural places supply yet balancing pose risk spread infection. As number infected case rises people die better extend ecq may. People cant afford getting infected even rich thats new mindset. Why make news regarding countries panic buying ventilators.",0
423,kn6DKdInYXk,This CNN correspondent worst I‚Äôve ever seen. Her English nauseating!!,0
424,sH_YoV-NA6s,Love Philippines üáµüá≠ IndiaüáÆüá≥‚ù§Ô∏è.,0
428,sH_YoV-NA6s,"WION actually good reporting every topic economy education , geopolitics dissasters ...",0
429,sH_YoV-NA6s,Love India üáÆüá≥ üáµüá≠!!!,0
433,sH_YoV-NA6s,may I ask permission use video introduction virtual commencement exercises. thanks God Bless!,0
437,ZLT6L3PHz78,Looks like I too?!,0
440,2T3yZ6lNRDg,"Hayat vax made United Arab Emirates... This exactly identical China Sinopharm vaccine... Both using old traditional style making vaccine( inactivated virus)... If done research, using METHOD making vaccine, far SAFEST Vac. Compared involving generically engineered.",0
442,2T3yZ6lNRDg,I dont understand line work sitting‚Ä¶ someone move switch chair??? Are chair sanitize?,0
445,2T3yZ6lNRDg,So Sinopharm using another label.,0
446,2T3yZ6lNRDg,"Exactly Canada, gymnasium.",0
447,2T3yZ6lNRDg,0:23,0
448,2T3yZ6lNRDg,The people wants Ivermectin !!!,0
449,2T3yZ6lNRDg,People Faith THE MOST HIGH YAH! need vaccine,0
450,HLYSlKY6Ww4,brought tears... lesson next week I happy I found video use class. salute dear people frontline,0
452,HLYSlKY6Ww4,"Your diligence perseverance would always come great success, sending biggest love support front liners. You're heroes honored remarks taking care everyone.",0
456,HLYSlKY6Ww4,To front liners thank may God bless alwaysüôè,0
458,HLYSlKY6Ww4,Salute frontliners risking lives fulfill duty serve people. Respect prayers frontliners üíó,0
461,lczwrm68u6I,The best nurses I‚Äôve ever seen Filipinas. Absolutely lovely people.,0
462,lczwrm68u6I,I wish Filipino brothers sisters good health best luck. As international student I socialised plenty Filipinos GREAT people. Genuine love Pakistan. ‚ù§üáµüá∞üáµüá≠üëãüèº,0
465,lczwrm68u6I,My favorite country Philipines...iam sure win battle soon..i pray itüôèüôè Nepal üá≥üáµ,0
466,lczwrm68u6I,WE LOVE PEOPLE IN PHILIPPINES STAY AND STRONG,0
467,lczwrm68u6I,Stay strong Philippines USA. We pray end horrible pandemic. Keep prayers stay strong,0
468,lczwrm68u6I,Stay strong Philippines... Love India,0
469,lczwrm68u6I,Prayers Philippines....may country recover soon covid 19,0
470,zhBdbLj5y6A,It‚Äôs kinda weird realizing North Korea literally safest country moment,0
471,zhBdbLj5y6A,As Pakistani want country countries infected yet remain safe sadly infected overcome problem soon,0
472,zhBdbLj5y6A,May lesson china STOP EATING EVERYTHING THAT LIVES,0
473,zhBdbLj5y6A,"Good luck..Edited Susan Sadoughi, MD, Andr√© Sofair, MD, MPH The director China's National Health Commission said Sunday incubation period novel coronavirus (2019-nCoV) roughly 10‚Äì14 days ‚Äî virus transmitted time, symptoms appear. A U.S. infectious diseases expert said means ""the infection much contagious originally thought,"" New York Times reports.",0
474,zhBdbLj5y6A,It‚Äôs India....game,0
475,zhBdbLj5y6A,"Wow, impressive Indonesia.. hopefully Indonesia overcome protect people safely..",0
476,zhBdbLj5y6A,The worst ....,0
479,zhBdbLj5y6A,Stop international flights... period.,0
480,ibWFsmcnefk,Great prediction economist. Inflation rate right beyond repair,0
481,ibWFsmcnefk,Honestly I think Covid gonna 100% years things going,0
483,ibWFsmcnefk,Why ok keep drug prices high inflation? Because nothing inflation. It top 1% sending lobbyists make sure don‚Äôt pay taxes. They must sending lobbyists news channels too.,0
485,ibWFsmcnefk,Why even England's banks rising interest rates? They rock bottom even make seem like bad thing raise level still low historically.,0
486,ibWFsmcnefk,"I think inflation worse 1st world countries bec, holiday season, many want spend goods scarce due supply chain issues. In 3rd world, spending much inflation mangeable.",0
487,ibWFsmcnefk,philliphins people nice love india,0
488,ibWFsmcnefk,"Listen, Man United might thank get contract out, put table. Let sign it, let write whatever numbers wants put there, given he's done since he's come in. Ole's wheel, man. He's it. He's thing. MAN UNITED ARE BACK!!!!",0
489,ibWFsmcnefk,"I got feeling I see recovery economic crisis, recovery, earning sufficient money certain period time(calculated normal earnings period) sudden economic crisis happens many reasons though straight forward lack sufficient amount money maintain country sustainable growth met global GDP levels I feel, due inflation chances meet treasury funds normal may less inflation rate recovery continues funds left invest sectors development.",0
490,e0fN7HxkIUc,"Singaporeans needs realize huge population, Democratic system gov't, Free Press, limited budget, dogmatic belief, prone natural disasters, ongoing communist/Islamic insurgencies, Drug problem, mandatory conscription/military training young high level poverty rate. So connect dots üòî",0
494,e0fN7HxkIUc,result obsolete public transportation. Past 6 administrations blamed current situation blamed Duterte's government.,0
495,e0fN7HxkIUc,"I got $320 social amelioration program government 6x food packs local government Plus Cash. In Makati local government give 5000 pesos every individual 18 years old, 5 adults received total 25,000 pesos plus Food Pack plus National Government Social Amelioration Program.",0
496,e0fN7HxkIUc,You looks like vlogger reporter,0
497,e0fN7HxkIUc,Where there's press freedom there's always going criticism... Unlike SG...,0
498,e0fN7HxkIUc,This filipina reporter duh! ü§¶üèª‚Äç‚ôÄÔ∏è SMH.,0
500,Ji47WRv2tQE,May souls families find peace.,0
501,Ji47WRv2tQE,"This pandemic heart breaking, uncle died 1 day ago due covid. Prior death complained difficulty breathing appetite. He cremated yesterday.üòî I pray souls lost. May rest peace.",0
502,Ji47WRv2tQE,I‚Äôm india. My dad lived phillipines last 38years. He passed away yesterday due covid.he died alone couldn‚Äôt even see last time. This going haunt rest life üò≠,0
503,Ji47WRv2tQE,"Huhuhu miss dad much, never saw xa huggedüò•üò≠üò≠üò≠üò≠üò≠üò≠",0
504,Ji47WRv2tQE,"dust dust , ashes ashes....ultimate ending awaits us all...Enjoy moment last....",0
505,Ji47WRv2tQE,May rest peace,0
506,Ji47WRv2tQE,"imagine fun loved one days ago, ur holding ashes. sad ppl die covid dont get proper burials :(",0
507,Ji47WRv2tQE,Hopefully growing illness ... people want live long time ... burn like seems like yesterday's fortress gone ..... guys always careful ... lives short follow victims covid19 ... condolence‚ù§,0
508,Ji47WRv2tQE,"A human history, went much end, became dust",0
511,dj5ov38ihZI,FINALLY.......I HOPE THE END IS NEAR!!!!!!!!,0
513,dj5ov38ihZI,Name. Ramzan bhatti dad Love u. RR. RB. . .R. . ok nice yes sir good work.,0
515,j3E3NF9nk44,How covid19 patients counted hospitals unwilling accept suspected patients covid? As mother I experienced toured entire Gen. Trias get Manila Hospital also admitted without even passing swab test.,0
517,j3E3NF9nk44,"God good . cases please . keep filipinos , 1 year still following protocols",0
519,j3E3NF9nk44,What,0
521,j3E3NF9nk44,"It seems like case, imagine vaccination moving forward, cases suddenly high, bk get people vaccinated, kc mrmi tlgang vaccinate",0
522,j3E3NF9nk44,"Look High Street BGC, blocked road Festival! When upsurgent Corona ever high!",0
523,j3E3NF9nk44,Repeat lie often enough becomes truth‚Äù,0
524,BomdsEJjb0E,Feb: love air nCoV: I'm pretty sure that's,0
525,BomdsEJjb0E,"Pakistan abandoned students Wuhan told yesterday send plane evacuate them, Chinese govt making sure food good them, infected said fighting anxiety depression really bad. This China problem nothing like flu people seen falling face first dead ground, infected screaming like ate crazy. PRAYERS FOR EVERYONE THIS IS EVERYONE'S PROBLEM AND MAY GOD BE WITH US ALL",0
526,BomdsEJjb0E,So guy showing signs getting better n died within 24 hours...üò≥,0
527,BomdsEJjb0E,people saying even though fevers took fever reducing medications could leave stopped airport checkpoints healthcare system run knew could get proper Healthcare needed fever caused Coronavirus.,0
528,BomdsEJjb0E,LOL PREFAB ROOMS WITH STEEL BARS FOR WINDOWS! I wonder they're planning.,0
529,BomdsEJjb0E,"A man went 3 main hospitals first one little traffic. The second one ""slightly active"". Once people got sick, people panicked, burns rapidly.",0
530,BomdsEJjb0E,"Philippines originally quarantined man three days, let run amok across country. Now, they‚Äôre trying figure places gone. Unfortunately, can‚Äôt ask dead man...",0
532,BomdsEJjb0E,"happened: ""Diplomatic relations China may sour Philippines decides bar mainland Chinese entering country part preventive measures spread 2019 novel coronavirus (nCoV) here,"" Philippunes Health Secretary Francisco Duque said. So still let Chinese in, infected got in. Only enacted temp ban.",0
534,T7c6GvrF82k,"My heart poor people lesser developed countries fighting virus lesser resources, ‚ù§Ô∏è USA.",0
535,T7c6GvrF82k,Oh god. Come on. They're still human. üò¢üò¢üò¢,0
536,T7c6GvrF82k,"As much hate see that, choice bare. The criminal rate Philippines high, want crime spread around, protect citizens them. I understand mostly sentiments comments, also need protect victims",0
537,T7c6GvrF82k,May LORD remember prisoners covid-19 dispensation. My heart indeed broken.,0
541,T7c6GvrF82k,Wow shocking üò≤üò≤,0
543,T7c6GvrF82k,Poor countries less facility.... Truly heartbreak poor management,0
545,6DBFwIlT4fg,Are forgetting show symptoms 2 weeks? Scanning fever isnt going contain it.,0
546,6DBFwIlT4fg,"""Spreads India Philippines"" talk subject one, well done boys",0
548,6DBFwIlT4fg,"No worries guys, said fine. They took temperature. That close one.",0
553,6DBFwIlT4fg,"Why planes still going China? Seriously, stop EVERYTHING.",0
554,2FgFNBIJTIA,They violators. Authorities warned many times chose still violate law. These oppositions media trying change minds viewers.,0
555,2FgFNBIJTIA,"You can't use one two incidents basis generalizing whole situation lmao. How low be, Al Jazeera?",0
556,2FgFNBIJTIA,"Problem short news segment like this, centered one side. They interviewed violator's family, human rights lawyer take short statement said president make seem like abused happening, reality far it. Al jazeera happens almost every country report from.",0
558,2FgFNBIJTIA,Guy: I stay home Philippines: yeet,0
559,2FgFNBIJTIA,"This vid documented first months lockdown, hence majority comments defended action authorities essential. However, June 2021, lockdown still here, cases deaths still high.. nothing much changed. Filipinos might different opinion now.",0
560,2FgFNBIJTIA,Why see motorcycle gun focus Duderte,0
561,2FgFNBIJTIA,He pulling something bag ptsd. Of course would think gun,0
562,2FgFNBIJTIA,"Hey folks, I want advise na kapag partially lifted na anG quarantine, better avoid public transit na airconditioned. Mas OK kapag bukas ang pinto window para may ventilation, get share air inside closed space. Old jeepneys na bucks windows would ideal supposed grab taxis. I mean harm, I'm advising.",0
563,2FgFNBIJTIA,"The guy shot tried pull something bag despite warnings raise arm lie floor, expect police do? Wait die first?",0
564,254GdlKEz5I,How TB rate???,0
567,y4qaoHc2ezk,When comes 1 million together cry ... Proud Filipino!,0
574,y4qaoHc2ezk,Vicky Morales really sexy,0
575,y4qaoHc2ezk,This joke,0
577,2VRGUm_wQ0w,"I thought 6 siblings lot, I imagine 9 them.",0
581,2VRGUm_wQ0w,"The mother interviewed several kids pregnant, cried, can't blame government people large family. Contraceptives available n village health center. Responsible parenthood motivated foresight, careful planning self-restraint. Do use poverty alibi , bottomline irresponsibleness.",0
582,2VRGUm_wQ0w,Aaaaawwww cute ü•∞ü•∞ü•∞,0
583,2VRGUm_wQ0w,"The Philippines capital one overpopulated places earth. There areas many people live closely together: On average 41,282 people per square kilometre, slum regions many 88,000 people living per square kilometre.~ ~ Living place becoming increasingly satuarated. This overcrowding causing range problems pollution, deforestation, loss habitats, loss wildlife, unemployment, malnutrition, clean drinking water shortages, general poverty.",0
584,2VRGUm_wQ0w,Japan like: Why can‚Äôt moreüòû,0
585,2VRGUm_wQ0w,"Great news! When grow up, immigrate countries replacement fertility rates facing demographic ""disasters"".",0
595,HK5rfm4X2G0,I shocked average wage RN apparently (google) 151000 Pesos around $4k AUD. That‚Äôs got joke? Surely,0
598,_DM5L8uu1Do,Good job Taguig!,0
599,_DM5L8uu1Do,"It would this, somehow still fun ..",0
600,_DM5L8uu1Do,I suggested GIS map indicate PUIs PUMs. It appropriate cases indicated using GPS. It help government direct resources hot spots. It help people avoid high risk sectors. Hope somebody technology come make mapping.,0
603,_DM5L8uu1Do,How recovering?,0
605,_DM5L8uu1Do,"The situation bad, like üò¢",0
608,pK6y1h0YgSU,It's really amazing people least ones share most.,0
610,pK6y1h0YgSU,I US Navy. I remember raining season of. The Philippines. Beautiful country!,0
611,pK6y1h0YgSU,Lucky stranded USA Americans generous friendly Filipinos,0
613,pK6y1h0YgSU,"Such amazing people letting stay room everything! I applaud them, definitely deserve better houses (it clean help clean water sources electricity)",0
614,pK6y1h0YgSU,I heard lot people stranded outside country,0
615,pK6y1h0YgSU,Salute guy. He deserves much gratitude,0
617,a3-AiHSyTIU,"Other countries standing authoritarian measures. In Philippines, everyone still following like sheep. Exhausting.",0
618,a3-AiHSyTIU,NO MARK OF THE BEAST NO ENTRY NO BUY OR SELL NO RIDE NO WORK NO SCHOOL. VENGEANCE IS MINE SAYS THE LORD.,0
619,a3-AiHSyTIU,Since normal test people sick! Political games power control.,0
620,a3-AiHSyTIU,"cases high bcuz abnormally high volume testing inaccuracy test... seeking shoooot number ""new cases"" higher.... jokkeeee",0
624,a3-AiHSyTIU,Ohhh wedding vaccine card No party vaccine eating No vaccine mask dating What No Vacinne Card Eating Rice Hope hardships right,0
625,a3-AiHSyTIU,"I swab test 3 hosts one day company notoriety made us positive, result St Luke's positive, result Makati Medical, Negative, Results Para√±aque Medical, Negative? bat di consistent haha",0
629,SLrKdYsNbSo,ECQ needed,0
630,SLrKdYsNbSo,maybe duterte sell something else china. aside pagasa islands.,0
632,SLrKdYsNbSo,This getting boring like hoax,0
633,8w61tigk0ag,Anti Chinese? Alot Chinese discriminate Filipinos Philippines.,0
634,8w61tigk0ag,The Philippine Government pro China reality Filipinos deeper reason different bullying act China Philippine territories.,0
635,8w61tigk0ag,"This sad. Hatred brewing ever since China tried stake claim disputed Spratly Islands within Philippines' EEZ. Now someone died due NCov, kind sentiment grow gov't handle now. üòû",0
636,8w61tigk0ag,Chinese-Filipino community never called mainland China harassing Filipino Fishermen.,0
637,8w61tigk0ag,"I love Filipino much, I'm Nigerian I love Filipino, good, kind loving people. They discriminate. Let China go home, look way treating Africans living China. China destroyed reputation want become world superpower. Shame Chinese government",0
638,8w61tigk0ag,"How ironic people oppressed brought social injustice Tibetan Uyghur people don‚Äôt want treated differently, goes around comes around!",0
639,8w61tigk0ag,We never hurt curse avoiding afraid... us Filipinos poor afford medication...,0
640,8w61tigk0ag,When Filipinos general love races hating race. Then there's strong reason behind it. That's I see here...,0
644,Mwpqgw9gMfo,Wow,0
645,FJEMcVK0MWI,Great put together Erwan! Stay healthy bro.,0
646,FJEMcVK0MWI,Brilliant video man. Super clear concise. Hoping best!,0
649,FJEMcVK0MWI,This vlogger use platform. A voice educate disseminate awareness...,0
655,gRKL_FUQUpY,Always easier control people put fear them.,0
657,gRKL_FUQUpY,There spread election allow politician restrict election come election election right Pinas,0
660,gRKL_FUQUpY,"Ayan, Celebrate pa, Christmas party pa gala pa, fun Philippines",0
662,LLFcBFAuauk,heart broke I saw poor lady pink tears,0
665,LLFcBFAuauk,Stay strong Pakistan Philippines Indonesia ‚ù§Ô∏è,0
666,LLFcBFAuauk,"I'm Filipino I'm aware what's happening country. After watching video, I realized hard lives fellow Filipinos. I'm government I suppose best way help them. Giving money enough, many Filipinos, it'll last 3 days. I reckon, instead giving money putting fund country way, arrange mass testing? Just try test many possible virus stop spreading. If happens, economy back normal, job opportunities family make enough money decent life.",0
667,LLFcBFAuauk,I salute SCMP fair non political partisan Networküëçüëçüëçüëçüëç,0
671,EsW0ye2wjUQ,Who cares,0
672,R0i7i80ToUM,"I'm happy I made productive decisions finances changed life forever,hoping retire next year... Investment always creative man's heart success life.",0
674,R0i7i80ToUM,Good thing philippines economy got recovery covid. Atleast philippines economy growing fast catching up.,0
675,R0i7i80ToUM,"The Philippines, according IMF, growth leader ASEAN Region entire Asian continent.",0
679,R0i7i80ToUM,"Been Philippines recently, families struggling Covid-19.",0
680,R0i7i80ToUM,MAKE THE PHILIPPINES GREAT AGAIN üíñ,0
681,R0i7i80ToUM,Wow!,0
683,6zkba0hNiE8,Who English Module üëÄ,0
685,6zkba0hNiE8,It's module ahahhahaha,0
689,6zkba0hNiE8,Its pointless people cars motorcyles full force checkpoints stopping anyone credentials.,0
690,6zkba0hNiE8,Just module hahahahah,0
691,6zkba0hNiE8,Just finish english module,0
692,T48EuGS36Zk,I expect God willing Philippines progress advance fright üôè,0
695,T48EuGS36Zk,Filipinos immune omicron long celebrated long holidays gather families friends.,0
698,T48EuGS36Zk,Nothing seems going well there? From one disaster another since one remember.,0
702,KzCjAetb3_I,"Manila looks nice without cramping millions people... Sana virus, stays organized.",0
703,KzCjAetb3_I,Good job Philippines,0
706,KzCjAetb3_I,thats right thing,0
707,KzCjAetb3_I,Good move philippines goverment...,0
708,KzCjAetb3_I,nice. clarity direction unlike us. united states unified,0
709,KzCjAetb3_I,Still smiling.,0
711,KzCjAetb3_I,"0:51 PRC, I ride thereüòÅ",0
712,N9OQbW0YOLU,"Healthcare workers undervalued taken granted pandemic. Even then, there‚Äôre much changes except promises short-term benefits",0
713,N9OQbW0YOLU,"I actually know Philippine's covid case also worsening I saw this. May medical team lost battle rest peace, I hope countries also still fight pandemic could find way sooner",0
714,N9OQbW0YOLU,medical course literally expensive course paid low?,0
716,N9OQbW0YOLU,The head department health Phillipines concerns much money make.,0
717,N9OQbW0YOLU,Bless work healthcare. They deserve much love appreciation right now.,0
718,N9OQbW0YOLU,"My brother works nurse well, many colleagues decided resign severe workload months. And another surge cases, many bound work worse conditions, brother considering resigning too. Philippine system messed up, basically designed churn professionals expecting work abroad send back remittances. While remain settle low wages, establishments happy it.",0
719,N9OQbW0YOLU,What SHAME!!!! give people right amount compensation,0
722,I4WXmX_6Zds,May God bless country countrymen üò¢ Praying things get better soon. Sobrang nakakalungkot na. üôèüèªüôèüèª,0
723,I4WXmX_6Zds,Prayers lost love ones. Rest God's loving arm death.,0
724,I4WXmX_6Zds,"Nakaka sadden un mga ibang commets dito, husband covid patient He still confined hospital. Totoo po numbers increasing, Meron na po deficiency ang mga supplies,medications machines necessary covid patients, Dahil ang dami po IN NEED na covid patients. Nakakalungkot po ang sistema ng healthcare naten.",0
726,I4WXmX_6Zds,So many dying everyday country?,0
727,I4WXmX_6Zds,This 2021-2024 Smash Hit: The Rider Crematoriums strain due rise COVID-19 deaths Philippines | ANC,0
728,I4WXmX_6Zds,thought pink guy thumbnail,0
731,I4WXmX_6Zds,Cremation land ownership.,0
732,WTD3l2xovQI,Prayers people Philippines best health fast recovery well.,0
734,WTD3l2xovQI,God phillipines. The nurses come usa practice excellent best nurses pray strength get equipment need.,0
735,WTD3l2xovQI,Love Filipino people. I great doctors nurses Philippines. Bless you. I feel take good care COVID 19 patients. üíñ From USA,0
737,WTD3l2xovQI,Philippines one best Country Asia well medical care! We strong Filipino Doctors Nurses dedicated duties! As Filipino cooperate together! We great President whose aim protect nation course life security Filipinos. The Government best follow rules. We love PHilippines Mabuhay all! Kaya nyo yan! Just continue praying! - üáµüá≠‚ù§Ô∏è,0
738,WTD3l2xovQI,May Allah (God) protect Philippines Long live Philippines long live Filipino Love u foreigner,0
739,WTD3l2xovQI,"im filipino tbh... think would hard us contain virus many people manila rioting .... dont worst government, worst undisciplined people...",0
740,WTD3l2xovQI,I imagine. Who resist Heath bar?,0
742,LtW0cTMWdbY,I thinking coughing weather ... 3 days wla na ... I hospitalized maybe I still positive.,0
744,LtW0cTMWdbY,"How face covid,",0
747,LtW0cTMWdbY,Close Borders first manila,0
748,LtW0cTMWdbY,Wl nman kyo showed lol,0
751,LtW0cTMWdbY,I know virus .... I seen nagcovid yet ..,0
752,iVM-azf1Akk,Sad people necessarily get government deserve.,0
753,iVM-azf1Akk,"I pity international viewers getting sensible report due inaccurate translation. As native, interviewed said lot things strucked heart üòî",0
754,iVM-azf1Akk,what's english translation?? wrong line they're saying,0
755,iVM-azf1Akk,"With due respect, poverty entirely me: incompetence, negligence stupidy reasons. I'm also poor - I've never disallowed plane I late... I stranded I never turn airport hotel. The issue many travelers, come flight DAYS before, lodging areas also needed passengers. While cannot money, choose dignity. Evennif I Filipino, I cannot condone these, enthnicity.",0
756,iVM-azf1Akk,I feel bad them...,0
757,iVM-azf1Akk,First all...I‚Äôm Filipino translation mostly wrong smh,0
758,iVM-azf1Akk,There's much paraphrase translation.,0
760,iVM-azf1Akk,Some translation leaving parts adding things,0
761,iVM-azf1Akk,translations far,0
765,xWV_GI9hq5U,Keep Safe Po Salahat üíñ,0
766,xWV_GI9hq5U,Sana laging record high yung recovery,0
767,xWV_GI9hq5U,You cannot blame common people uncontrollable increase. Blame inefficient government.,0
768,xWV_GI9hq5U,It bit waste obey traffic law. For simple pandesal ingredients proper. Another welding rod used. Eh bike made would based weather avoid flooding. Because sometimes water high acidity level bad dogs.,0
769,xWV_GI9hq5U,Keep safe po,0
770,xWV_GI9hq5U,keep safe people. best do.,0
771,xWV_GI9hq5U,Bakit Western Pacific Region lng? Sana meron din world least ASEAN pra malaman ang standing ng Philippines terms COVID cases.,0
774,-LFGaCkPzzY,"Make millions cases, boring don't.",0
775,rFDK10oplxA,"Revelation 22:12-13(KJV) And, behold, I come quickly; reward me, give every man according work shall be. I Alpha Omega, beginning end, first last.",0
778,rFDK10oplxA,*I love view ‚Äúthe‚Äù silent.*,0
779,rFDK10oplxA,"Good job! Duque & Vergerie! Hope resign, look thick!",0
782,rFDK10oplxA,Oh manüò°üò°üò°üò°üò°üò°,0
783,rFDK10oplxA,Yehey Road 1 Million Na Tayo üòçüòäüòä,0
784,rFDK10oplxA,Why many new cases? What people doing?,0
786,6p_8T_xmnLQ,Keep safe Philippines üáµüá≠ u actually better USA,0
789,6p_8T_xmnLQ,Got dude turret enforce lockdown? What's gonna really thats ridiculous,0
790,6p_8T_xmnLQ,That's colorful looking War Hog.,0
792,6p_8T_xmnLQ,Why wont usa this?,0
794,6p_8T_xmnLQ,Roses r red sky blue Scmp best r u ;),0
798,D9-CHldoZ74,Good,0
799,D9-CHldoZ74,"parang tinapon sa basur ang 10.2 Billion, imagine many people roads help amount pambayad utang",0
804,D9-CHldoZ74,Now I understand government arm twisting restricting travel without booster vax. That's going hurt tourism though.,0
806,xqz1KueuzAM,That's bullshit,0
807,xqz1KueuzAM,Low pla yan,0
808,xqz1KueuzAM,Nice,0
809,xqz1KueuzAM,Naturally dying every day,0
810,xqz1KueuzAM,uh oh,0
813,xqz1KueuzAM,How increase MCU HOSPITAL DTO S CALOOCAN ALL THE DEATH IDEDECLARE NLA SUSPECTED COVID KHT NEGATIVE SWAB TEST. Hope able,0
816,xqz1KueuzAM,That's bullshit,0
817,xqz1KueuzAM,Low pla yan,0
818,xqz1KueuzAM,Nice,0
819,xqz1KueuzAM,Naturally dying every day,0
820,xqz1KueuzAM,uh oh,0
825,T2JkwAZ8KY8,"Take note, there's difference people died OF Covid people died WITH Covid. But countries, they're same. Might case too. *cough*PhilHealth controversy*cough*",0
826,T2JkwAZ8KY8,"In end, idea many boosters forced us understand even 4th booster fully protective Omicron.",0
827,T2JkwAZ8KY8,That's possible...since 1st leading cause governmental ignorance.,0
829,T2JkwAZ8KY8,So positive increasing vaccine make people experiment,0
830,T2JkwAZ8KY8,"Tito Sotto... PAO chief Atty Acosta... Gov. Gwen Garcia...Are destined GOOD leaders Filipinos... HONEST, EMPATHETIC, CONSCIENCE GUIDED... importantly GOD FEARING.",0
834,T2JkwAZ8KY8,How could accident came hospital covid tsk!,0
835,TQ0QJ4Si7A4,Don't let Chinese travel Philippines impose total restriction Chinese..,0
836,TQ0QJ4Si7A4,Awesome lockdown Hope repeated Have experienced hardships He may careful well entry My symptom ...,0
838,TQ0QJ4Si7A4,Is Dengvaxia Queen still alive? She still jail?,0
839,81Fj00CFmJM,"The leaders Phillippines consider efficacy following vaccines roll public: Pfizer-BioNTech 95%, AstraZeneca 90%, Moderna 89%, Sinopharm 79%, Sinovac 50.38%. The promotion type vaccines based effectiveness safety Filipino people, instead political considerations preferences. Just suggestion.",0
840,81Fj00CFmJM,"üíØüíØüíØiving What else make feel way still get meantime ..? Doesn't mean ""immunized"" longer immune ....? It's free .. town money still bought. Is worth billions ..? Question every Pinoy .... ""What definitely (or even ...) happen me/us/our children parents ... put"" ""(whatever kind popular brandan ..)? They answer ""and tell people really happens days, months years. .. wheelchair crutch case lifelong ..... expect ..... And no, anything charge case expression comes you?",0
842,81Fj00CFmJM,In Davao use chinavac,0
843,81Fj00CFmJM,It‚Äôs job facilitate faster evaluating country inoculating crazy administer people answer sure,0
845,81Fj00CFmJM,"That unique government. He said government looking forward drug companies apply them. Meanwhile, government applied since July secure. Why",0
846,81Fj00CFmJM,Sus long spinning around conversation,0
847,81Fj00CFmJM,"Dpat government initiated EUA expect pharmaceutical companies slow eh, dpat nun october november yet",0
853,C-iuGrZR2pQ,Oh gosh. The manga crazy vaccine2x. proper sleep.,0
856,C-iuGrZR2pQ,"Common sickness nuon obu sipon trangkaso, ginawang plandemic covid ngayon protokills GOD SAVE US FROM THIS PLANDEMIC",0
858,C-iuGrZR2pQ,"It worth Vaccine Pavaccine Plandemic Covid Disease, force dislike, choice madam",0
863,JT1R95tG9jg,Speedy count casualties! dont panic! Stay home! üòïüò∞üò®üò±üòµüò≠,0
864,JT1R95tG9jg,mosquito bitten infected person infect another person bitten it?,0
865,JT1R95tG9jg,"The DOH gov't eh, speed actions embarrassing them. Look result, good. üëèüëèüëèüëèüò§ Their mouth faster solving problem early. That's domino effect, happy sit DOH government, look slowness, joke covid19 prepared. Other KPG chill chill lng, salaries work. The money money lost life gradually disappearing. Tsk üò§",0
866,JT1R95tG9jg,Hopefully put many affected place us aware of.,0
871,O06AlL8nONo,"The first 4 confirmed cases almost month ago. So means ones infected Cainta couple. There another carrier. The OFWs good, question taken tests? Or 14 days? When symptoms test? And symptoms released 14 days. What beyond 14 days symptoms come ?? Diba even without symptoms still contagious?",0
872,O06AlL8nONo,Is right ? They confirmed heard 2 tourists Covid19,0
874,O06AlL8nONo,If COVID19 able answer government? What payment affected? There many poor people countrymen ..,0
875,O06AlL8nONo,Do know brothers sisters covid DOH secretary good English boast still delicadesa little shame body would run away DOH money paying,0
877,O06AlL8nONo,Premature .. lets wait doh act rotten kau jan,0
878,O06AlL8nONo,Do I think careful enter country? How much more?,0
881,HabzHfgdMNs,Good job PH govt. üòä Hopefully covid cases continue decline.,0
882,HabzHfgdMNs,WE NEED A CLOWN LEADER LIKE LENIE BECAUSE LAUGHTER IS THE BEST MEDICINE..,0
884,HabzHfgdMNs,When people realize health. It's control.,0
885,HabzHfgdMNs,"In Leni's 6 year term never heard word shares much plans make Filipinos lives better. Filipinos need jobs. The Philippines 6.3% unemployment rate - one lowest Asia. What need lower cost living means need lower costs food, energy housing. But course something Leni cannot address since financers monopolize industries.",0
887,HabzHfgdMNs,The Face Shield really funny make sombreroüòÜüòÜüòÜ,0
891,XylXJJp4HpE,"Pray friends Phillipines, Laos, Cambodia, Thailand, stay strong Indonesia. üåπ",0
892,XylXJJp4HpE,"Praying southeast √Åsia ( Cambodia, Lao, Thailand ,Philippines Myanmar..) strong üí™üôè‚ù§",0
893,XylXJJp4HpE,Stay safe stay strong.Prayers Singapore üôèüèª,0
894,XylXJJp4HpE,I pray people.,0
895,XylXJJp4HpE,"Pray friends Phillipines, Laos, Cambodia, Thailand, stay strong control crisis.",0
896,XylXJJp4HpE,"Let''s also pray Brazil, Chile, Argentina countries serious Covid 19 pandemic. Let's forget too. These countries many people dying also need help urgently. Not India alone covid 19. Hope world get Covid 19 soon.",0
898,XylXJJp4HpE,Some Philippines island zero covid cases .,0
900,XylXJJp4HpE,"Yes, already almost 3 weeks lockdown Phnom Penh.",0
901,ZaTPlJ8nd9Q,congrats reaching 2million great milestone,0
903,ZaTPlJ8nd9Q,How many people died? How many people recovered? Those important numbers. Just giving tally total cases far fear mongering clicks views.,0
904,ZaTPlJ8nd9Q,Keep safe everyone. Comply rules implemented.,0
905,ZaTPlJ8nd9Q,"Pls Note: 1,840,294 ""Recovered"" 2 Million Cases. Thanks. ... Stay clean & healthy 24/7 :)",0
909,ZaTPlJ8nd9Q,This good news! That means many acquiring natural immunity without dying.,0
910,ZaTPlJ8nd9Q,Lets gooooooooooo !!! Road 4 Million ... Congrats Philippines .. Everywhere competitive ...,0
911,R3E3RlBEIl8,Mr Avid would different help people keep up.,0
912,R3E3RlBEIl8,Hope pray decision right?,0
913,5jCZ42fV6sw,Those poor people üòû. Stay strong Philippines!,0
918,tq7FyWSGaD4,"mentioned interview one high ranked cop celebrated birthday violating quarantine policies impose upon people, whereas old fisherman detained cops 12 days looking food kids one guy PTSD shot cop right checkpoint alleging victim acted inappropriately...",0
919,tq7FyWSGaD4,okay interview regular Filipinos ask well Philippine government handling current pandemic,0
920,tq7FyWSGaD4,"I know speak real fluent Filipino, Marie!! You good it! Who else taken aback hearing Marie proficient Tagalog?",0
921,tq7FyWSGaD4,"petition part 2 interview average filipino, maybe lawmaker give u real insight whats happening country :)",0
922,tq7FyWSGaD4,I know Marie speak tagalog. Good job Asian boss!,0
924,tq7FyWSGaD4,Is Marie switched English Filipino time time?!,0
926,tq7FyWSGaD4,This dude's eyebrows make look like angry supervillain...,0
929,jQusLZgOYac,Good day you.,0
930,jQusLZgOYac,May kindly copy PPTs could educate people?,0
933,iOnxb9jrY40,There government said India going perform well Olympics time. They say corona Olympics.,0
934,iOnxb9jrY40,"Images + Horror Music + ""Google Search"" = Hindustan Times üëé. I lap üòÜüòÜ funny.",0
936,iOnxb9jrY40,"What ""Admitted to"" Means here? I generally see ""he admitted hospital"" Like that.",0
939,iOnxb9jrY40,9lakhs test per day Recurring virus dangerous thing Dharavi people depicted disciplined attitude,0
942,iOnxb9jrY40,"Rrb ntpc vacancy pending last 1.5 years, 2.43 crore aspirant applied job Till rrb board select exam vendor exam",0
943,UWMmesK08TU,That's happened another country. Fill facilities.,0
945,UWMmesK08TU,No one answered 1158,0
946,UWMmesK08TU,"As long see personally, still sure real ..",0
948,UWMmesK08TU,"Will 7000+ LSIs thrown Rizal Stadium, returned provinces virus. The best brightest really!",0
951,UWMmesK08TU,haha dick,0
952,UWMmesK08TU,"Just like United States, president helping overthrow rich flickering officials town, sometimes even brave loyal president country still united. God Bless Philippines. God bless America.",0
953,4bub6WOlT-I,Uhh Indian want country face facing corona Stay strong Philippines üò≠,0
956,4bub6WOlT-I,Philippines general actually good dealing covid.,0
957,4bub6WOlT-I,Stay strong Philippines üáµüá≠ india üáÆüá≥‚ô•Ô∏è,0
958,4bub6WOlT-I,active cases easing manageable data. yet video seems Philippines well.,0
961,4bub6WOlT-I,Actually cases gone significantly specially NCR planning switch relaxed restriction.,0
962,4bub6WOlT-I,"Unlike countries, Philippines worst situation. Look number deaths day number cases, number got healed. I say I staying country.",0
963,jIsXjk3TgkU,"Good job, trust test overpowered well",0
967,jIsXjk3TgkU,Let's go back normal tired ..,0
968,jIsXjk3TgkU,That's Binay waiting,0
969,jIsXjk3TgkU,1.5M good enough percentage actually almost 1-2% population vaccinated first batch really good 1-2/100 vaccinated compared Mother Country Not even 1% vaccinated like 0.23% Just commonly.,0
970,jIsXjk3TgkU,Ë∞¢Ë∞¢! Thank much People's Republic China.üá®üá≥ From people Philippines. We grateful.,0
971,jIsXjk3TgkU,Ho Duku hahahaha,0
973,W8WAKyR5pGA,Pray Philippines Malaysia,0
975,ZBO3c3ko0eg,"quarantine restriction movement people goods intended prevent spread disease pests. It often used connection disease illness, preventing movement may exposed communicable disease, confirmed medical diagnosis",0
979,ZBO3c3ko0eg,Nako poh üòî place,0
980,ZBO3c3ko0eg,Almost reported death s.covid19 adults üò¢üò¢ Lord Hope nothing added death üò¢üò¢,0
981,ZBO3c3ko0eg,So sad,0
983,ZBO3c3ko0eg,This boss,0
984,FIiz8hqXm24,"thing vaccines mostly effective side effects, thats takes vaccines years develop",0
985,FIiz8hqXm24,It seems early heaven seniors ha,0
986,FIiz8hqXm24,It yet known seniors consuming boosters still gangs,0
988,FIiz8hqXm24,I ask brand booster vaccine hit?,0
990,FIiz8hqXm24,"I'm 65 years old, living San Marcelino, Zambales, I'm STILL waiting initial vaccination I signed for.",0
991,FIiz8hqXm24,"A 3rd, 4th, 5th, 6th, 7th, 8th, 9th Booster shot üíâ‚ö∞",0
993,FIiz8hqXm24,"Might need one come December ( least 6 months). Depends kung widespread pa rin ang infection. If not, I take later date - maybe Jan/feb next year. Mauna na lang muna yung mga di pa vaccinated.",0
996,I3mkImSqHA0,You going fool The media sheep talk us love,0
999,I3mkImSqHA0,Always easier control people put fear them.,0
1001,I3mkImSqHA0,It huge bullshit data people ignored data,0
1002,I3mkImSqHA0,I like covid want,0
1003,I3mkImSqHA0,It expected .. According Octaman Daily Cases low Dec. Because testing rate low .. After holiday seems rise again..e sleep holiday,0
1005,DTUckJz0RGo,many doctors claimed 2nd booster shot bad body,0
1006,DTUckJz0RGo,More poisons citizens,0
1007,DTUckJz0RGo,All experts saying 4th shot provides minimal benefits. Look studies Israel.,0
1008,DTUckJz0RGo,That serious vaccine face üò°,0
1013,DTUckJz0RGo,Is end? üòû,0
1014,JWA5mUrrr_A,CCTV vehicle find shake üòÇ,0
1016,JWA5mUrrr_A,"It said air shook head, I board plane shaking air, too, air,",0
1017,JWA5mUrrr_A,You should! Soldiers! Not official! government! What heck jan!,0
1019,JWA5mUrrr_A,That's shaking jerk. On plane turbulence way.,0
1021,JWA5mUrrr_A,How find shaken impossible shaken reached Pinas,0
1024,XqzQanN4Xx8,Well done! Great job help kids,0
1028,XqzQanN4Xx8,Good idea increase learning pandemic.,0
1029,XqzQanN4Xx8,Wow much proverty though,0
1032,XqzQanN4Xx8,bbc mostly gives books trains tracks maintenance read keep tracks shape,0
1033,XqzQanN4Xx8,MAKE THE ASEAN GREAT AGAIN!!! üíñ,0
1034,QjJwrWxwLJU,"Also, know variant really naturally mutate & downgrades virus... DNA signature (meaning variant necessarily directly South Africa).",0
1036,QjJwrWxwLJU,"In statement, DOH says ""This big money us. It's okay, okay""",0
1037,QjJwrWxwLJU,It's quite long time already surprised finished cleaning almost house. It take time two omicron infected possibly multiply faster covid 19.,0
1040,QjJwrWxwLJU,"This good news. As everyone becomes infected pandemic over. Heard immunity achieved, minimal cost varient gives people headache body aches",0
1041,QjJwrWxwLJU,"Starts Omicron, ends Megatron ü§£",0
1042,QjJwrWxwLJU,"K J V TAKE YE heed, watch pray: ye know time is. [Mark 13:33] FROM THAT time Jesus began preach, say, Repent: kingdom heaven hand. [Matthew 4:17] THE LORD slack concerning His promise, men count slackness; longsuffering us-ward, willing perish, come repentance. [2 Peter 3:9] SEEK YE LORD He may found, call ye upon Him He near: [Isaiah 55:6] K J V",0
1043,QjJwrWxwLJU,Its fun philippines tlga,0
1045,D7zMgv16cik,"So... numbers many vaccinated/un-vaccinated? You'd think important number show people want continue push vaccine people, no? But I guess important number probably either majority cases vaccinated, insignificant number un-vaccinated cases ( staying home anyway).",0
1046,D7zMgv16cik,"Of 21,819 fully vaccinated non vaccinated. Hope release",0
1047,D7zMgv16cik,"Same high numbers Los Angeles County, California. Yes, thats right: number new cases entire Philippine population 107 million people Los Angeles County population 10 million. That one many reasons I became permanent resident Philippines!",0
1048,D7zMgv16cik,Why one ask ‚Äúwho vaccine protect? The answer tell exactly do. Stop madness.,0
1051,D7zMgv16cik,part show.,0
1052,D7zMgv16cik,guess means red list several countries..lets DOH,0
1053,D7zMgv16cik,"Clearly vaccines much, lets take even jabs :D",0
1056,sJ0xpruFAwQ,Let's pray everything better soon countries mentioned,0
1058,sJ0xpruFAwQ,"The interpreter know language president, PRRD caring president I knew, since Marcos years passed",0
1059,sJ0xpruFAwQ,1:24 beautiful eyes.. ya provocative statement country's president,0
1060,sJ0xpruFAwQ,Congrats Philippines getting silver play button,0
1061,sJ0xpruFAwQ,"world governments prepared corona virus outbreak, world knees...bleeding suffering.... facts reality...hopefully pandemic outbreak lesson humans planet ü§ò",0
1063,sJ0xpruFAwQ,"Seems like, captured soul Duterte. The way delivering message government. It's pretty awkward.",0
1064,sJ0xpruFAwQ,Restrictions loosened March! Maybe meant May! Philippine total lockdown March May.,0
1067,ENk_QRA2XsY,Are came Iloilo NHS? Like Moto schoolmates,0
1070,ENk_QRA2XsY,"Cases rising: lockdown Cases going down: lift lockdown (Party, No distancing, Can travel, etc) Cases rising again: lockdown Cases going down(Now happening): nearly lift lockdown",0
1076,OB0qJwk5yA8,decesion resume classes august 24? Ang galing talaga ni doque secretary ng deped hayp na yan.,0
1077,OB0qJwk5yA8,Why airport open?,0
1078,OB0qJwk5yA8,"Their game great even died high blood pressure, positively covid",0
1079,OB0qJwk5yA8,Oh really?,0
1083,OB0qJwk5yA8,Dto Taiwan zero napo. Back normal npo dto.,0
1084,OB0qJwk5yA8,Up,0
1091,Bo24jIb7GA8,"Let's realistic. The covid Philippines longer contain. You change Tactic DOH IATF. Instead pure community quarantine giving millions millions assistance. The assistance given add money boost health care system Pinas, build facilties hundreds thousands covid patients. Give health care workers needs. Increase purchase vaccine. It's lose pocket millions people suffering.",0
1092,Bo24jIb7GA8,How highest hospitals even covid positive patients made covid positive nothing pay hospital. Pls Phil. Gov't intervene.,0
1096,Bo24jIb7GA8,In contrary covid cases rise quarantine!,0
1097,Bo24jIb7GA8,"always reporting numbers ,maybe report places province one receive vaccines testing -then numbers might go",0
1099,19hkLN7KEqc,"84 years old dies. Extraordinary. Wait, say 84 years old?",0
1102,19hkLN7KEqc,Something fishy really .. The Buntoc Province far away ... tourism industry opened immediately maybe ore existing health problem died. üòè,0
1103,19hkLN7KEqc,Yes,0
1104,19hkLN7KEqc,[X] Doubt,0
1105,19hkLN7KEqc,That work anymore ... maybe people angry exploding there.,0
1108,_quGokF8G0o,So submitting data 8 laboratory kase blocked Duque Variant DOH,0
1110,_quGokF8G0o,The vaccine futile,0
1111,_quGokF8G0o,I believe covid anymore. Why countries free covid yet .... long end covid‚Ä¶.,0
1112,_quGokF8G0o,"If vaccines well, doctors it? I'm excited outcome‚Ä¶ Lawsuit filed American Frontline Doctors Alabama experimental vaccines. Source: American Frontline Doctors",0
1114,_quGokF8G0o,Abs cbn lng strong,0
1115,M7qPgEDk2JY,How come 4 month ago?? While Philippines confirmed January??,0
1116,M7qPgEDk2JY,Scary... let's hope mutate virulent fatal strain :-(,0
1120,M7qPgEDk2JY,There positive case India,0
1121,M7qPgEDk2JY,alien super virus,0
1124,M7qPgEDk2JY,duh?! Experts study well mutation. reported 24 hours,0
1125,-PqXVcMtygc,Great job PRRD!‚ù§Ô∏è,0
1129,GUVKWAEO_hY,You get vaccinated Philippines get registered local government sites. Some places Philippines allow people walk get vaccinated long registered online. It also depends local government City.,0
1130,GUVKWAEO_hY,28:39 deck get information from?? In Indonesia health workers elderly first second priority get vaccine hence dad could get one early March. 39:19 say fifty fifteen?,0
1132,GUVKWAEO_hY,3rd world problem fact extremely populated countries. Godbless brothers sisters Philippines Indonesia. But form government there‚Äôs much beaurucracy complicates management. We get this! üáÆüá©üáµüá≠,0
1133,GUVKWAEO_hY,"Philippines ramping vaccination nowadays amidst threat delta variant. Schedule vaccination consistent people front liners, senior citizens pre-existing health conditions given much priority. I hope would enough vaccines give population since need much go back normal lives.",0
1134,GUVKWAEO_hY,"The Filipina interviewee‚Äôs fear general public left behind true. The vaccines private companies come yet (not know of), poor sector vaccinated government‚Äôs procurement donations. They‚Äôre last vaccinated. Admittedly last vaccinated far-flung provinces immediate danger pandemic.",0
1136,GUVKWAEO_hY,"I supposed vaccinated Moderna vaccine procured company. My brother also waiting company's vaccine. I mind waiting first; however, rising Delta cases made paranoid. So decided register last Friday. It's good thing process Manila smooth. We got 1st dose AstraZeneca today. My parents sister live province Visayas already completed 2 doses Sinovac since May I think.",0
1138,_S_9JRwFmcA,Good job!,0
1139,LWIgEf_TMVU,stay safe ‚ù§from vi·ªát nam,0
1140,LWIgEf_TMVU,The boy saying protecting But he's even wearing mask lady angry lock even protecting lock I know low infection rate still,0
1141,LWIgEf_TMVU,Everyone trying survive even government. We responsible too. Cooperate. Dont crowd. Wear masks handwash soap!,0
1142,LWIgEf_TMVU,I'm scaredüò∑,0
1143,LWIgEf_TMVU,If urban areas heavily affected. What rural areas?,0
1144,LWIgEf_TMVU,Wow,0
1146,LWIgEf_TMVU,I pray pinas pinos.....,0
1147,LWIgEf_TMVU,DOH Sec Doque joke.... senators right fire replace competitive person ü§∑üèª‚Äç‚ôÇ,0
1148,LWIgEf_TMVU,And storm coming Philippines,0
1150,aw59h2FNMIQ,Oh pls,0
1151,aw59h2FNMIQ,may 2021,0
1152,aw59h2FNMIQ,Good,0
1153,aw59h2FNMIQ,Why Russia going conduct clinical trial vaccine Philippines first? Why first Russian citizens? And Philippine government going allow first?,0
1154,aw59h2FNMIQ,Sputnik five... Hmm interesting,0
1155,aw59h2FNMIQ,FDA Philippines think this?,0
1156,aw59h2FNMIQ,"Ahh Jezz , Isn't virus bad enough ? Now worry cure Which red pill take , Russia's ""Sputnik"" Americas ""Dragon Slayer""",0
1157,aw59h2FNMIQ,wise decision considering silent Russia vaccine development process! Duterte's opportunistic approach may prove fatal,0
1159,lw0rcwYyiwE,"I remember relative used say "" When government say panic, means perfect time panic"" üòÇ",0
1160,lw0rcwYyiwE,"I'm little confused. He arrived March, 7 months ago. What variant? Does NOW THEN arrived? If he's now, suggesting gotten (unless mutated inside him) incubated 7 months??",0
1162,lw0rcwYyiwE,This variant another universe fo sure. Multiverse Madness getting real. üò≠‚úåüèª,0
1166,lw0rcwYyiwE,"No one panicking, everyone pissed lies DOH!",0
1167,lw0rcwYyiwE,The cinema industry sweating,0
1168,lw0rcwYyiwE,"DOH say ""Don't panic control situation"" After day bilgla grow",0
1171,sEjN7muHOLc,The people already trunks final vaccine become final new one again. Are finalized?,0
1172,sEjN7muHOLc,*Effective great policy well done PH*,0
1174,sEjN7muHOLc,fully vaccinated proud ha ha Because vaccine coming children 5 11 years old hopefully come point lose loved one. You fight human rights FULLY VACCINATED OR UNVACCINATED THE GOVERNMENT,0
1175,sEjN7muHOLc,I unvaccinated I get sick. I'm barber who's close contact I'm really doubt vaccine. Whoever vaccine still sick.,0
1176,sEjN7muHOLc,Totalitarianism worst Philippines. Ripping Filipino citizens freedom right choose think themselves.,0
1177,sEjN7muHOLc,IN TIME OF COVID.EVERYTHING IS STUPID.,0
1179,Y-xQtgvNuvA,I'm Filipino I hope flatten curve covid 19 soon. Let's keep safe Indonesian cousins.,0
1181,Y-xQtgvNuvA,"In Indonesia, body talks covid anymore. No one even remember much number now.",0
1182,Y-xQtgvNuvA,"I love countries; they've home intermittently. Let's continue pray hopeful things eventually go well soon later.This virus stay. This, too, shall pass. Fighting.",0
1185,Y-xQtgvNuvA,This sadüòî lets pray countries.üôèüôèüôè,0
1186,Y-xQtgvNuvA,As video said Philippines high number cases Southeast Asia becasue COVID-19 test.,0
1187,Y-xQtgvNuvA,"In Philippines, mandatory faceshields facemask required everytime go public places like malls, public transport.. helps flatter infection rates. From 6k daily last 2 months, 1kplus 2k cases per day.. guess works..",0
1188,Y-xQtgvNuvA,"Considering proper testing Indonesia, always first, Phils. Just look death rates.",0
1190,W7n2FoRinVk,"I went vaccine center today booster shot. According nurse, still using 6month period protocol. The video says DOH starting Dec22 approved shortened 3months period media. But local govt, never approved memo !! DOH, good media! Do job! You lack coordination LGU !!",0
1191,W7n2FoRinVk,Find LGU first can. It's waste time tired. Namo Rappler,0
1192,W7n2FoRinVk,"Lol, close expiration date, perhaps?",0
1193,W7n2FoRinVk,Booster 3months what? need funds ..,0
1195,W7n2FoRinVk,Don't believe it. 6 mos. Just accurately. Not 3 mos. Because Bascine told us since. Even countries also trend. So let's follow. Let's change before. Note: Many overwhelmed To ever before.,0
1198,Wjj__vIdew0,DOST still unable find patients clinical trials since last year. This strange seems someone telling truth?,0
1199,Wjj__vIdew0,Is Sunday many healing,0
1200,Wjj__vIdew0,Even though 1 billion reached I idea,0
1202,Wjj__vIdew0,Hopefully Philippines reach 1 million!,0
1203,Wjj__vIdew0,GMA Bat number,0
1205,Wjj__vIdew0,Why DOH DH submit data .. Why time ABS CBN? Meaning accurate report nu,0
1206,5DvMPgoKZmM,Church turn hospital? What good collaboration,0
1207,5DvMPgoKZmM,"It's almost 2 years this, many people honestly know really died covid without presence unrelated terminal illness? How homeless fine (ask cop)? And many athletes/celebs/elites name right really died covid? Exactly",0
1208,5DvMPgoKZmM,"""Cases"" mean absolutely nothing whatsoever, reality. Especially since well understood PCR testing still use highly inaccurate often displays false positives presence influenza often apparent reason all.",0
1209,5DvMPgoKZmM,"Honestly, I hope things least get slightly better PH. Obviously debatable, still.",0
1210,5DvMPgoKZmM,"Please, option get vaccinated, it. It still possible fridge, bad. Don't wait everything late.",0
1211,5DvMPgoKZmM,This covid never-ending fuckery long media keep talking magically-made numbers.,0
1213,5DvMPgoKZmM,The man resign office nonetheless present head state philippines gross malfeasance misfeasance,0
1214,5DvMPgoKZmM,"Is people got vaccinated.,",0
